{
  "task": "plate-slide-v3",
  "cfg": {
    "W": 15,
    "prog_eps": 0.003,
    "eps_goal": 0.07,
    "eps_app": 0.05,
    "grace": 20,
    "alpha": 1.0,
    "rand_rate": 0.7445916938194521
  },
  "base": {
    "succ_pct": 65.0,
    "k": 13,
    "n": 20,
    "ci": [
      43.285051021946465,
      81.88104521320554
    ],
    "mean_gate_frac": 0.0
  },
  "always": {
    "succ_pct": 85.0,
    "k": 17,
    "n": 20,
    "ci": [
      63.95767041130426,
      94.7632208040504
    ],
    "mean_gate_frac": 1.0
  },
  "rho": {
    "succ_pct": 90.0,
    "k": 18,
    "n": 20,
    "ci": [
      69.89617935882066,
      97.21341060158468
    ],
    "mean_gate_frac": 0.7445916938194521
  },
  "random": {
    "succ_pct": 80.0,
    "k": 16,
    "n": 20,
    "ci": [
      58.39782779742401,
      91.93436467288
    ],
    "mean_gate_frac": 0.7404576366772357
  },
  "verdict": "NO-PASS (no boost over base)"
}